0,0,1,FALSE,FALSE,1,FALSE,FALSE,FALSE,308,313,304,37150,37111,37207,-29205635,-18526203,50.0,0.84
1,0,1,FALSE,FALSE,1,FALSE,FALSE,FALSE,306,311,309,37178,37131,37159,-29051930,-18386288,50.0,0.84
2,0,1,FALSE,FALSE,1,FALSE,FALSE,FALSE,314,304,309,37112,37207,37150,-29306903,-18516067,50.0,0.85
3,0,1,FALSE,FALSE,1,FALSE,FALSE,FALSE,309,307,311,37159,37179,37131,-29140213,-18366970,50.0,0.85
4,0,1,FALSE,FALSE,1,FALSE,FALSE,FALSE,309,314,305,37150,37112,37207,-29358310,-18466530,50.0,0.85
5,0,1,FALSE,FALSE,1,FALSE,FALSE,FALSE,310,307,312,37159,37179,37131,-29215801,-18339407,50.0,0.85
6,0,1,FALSE,FALSE,1,FALSE,FALSE,FALSE,310,307,312,37160,37179,37131,-29253415,-18326441,50.0,0.85
7,0,1,FALSE,FALSE,1,FALSE,FALSE,FALSE,315,306,310,37112,37207,37150,-29496815,-18448110,50.0,0.85
8,0,1,FALSE,FALSE,1,FALSE,FALSE,FALSE,308,313,310,37179,37131,37159,-29315656,-18291865,50.0,0.85
9,0,1,FALSE,FALSE,1,FALSE,FALSE,FALSE,313,311,308,37131,37159,37178,-29559167,-18414493,50.0,0.85
10,0,1,FALSE,FALSE,1,FALSE,FALSE,FALSE,316,306,310,37112,37207,37150,-29608799,-18414082,50.0,0.85
11,0,1,FALSE,FALSE,1,FALSE,FALSE,FALSE,311,309,313,37159,37178,37131,-29438666,-18270113,50.0,0.85
12,0,1,FALSE,FALSE,1,FALSE,FALSE,FALSE,316,307,311,37112,37207,37150,-29682209,-18394342,50.0,0.85
13,0,1,FALSE,FALSE,1,FALSE,FALSE,FALSE,312,309,314,37159,37178,37130,-29510976,-18251692,50.0,0.85
14,0,1,FALSE,FALSE,1,FALSE,FALSE,FALSE,307,311,316,37207,37149,37111,-29338927,-18109806,50.0,0.85
15,0,1,FALSE,FALSE,1,FALSE,FALSE,FALSE,314,312,309,37130,37159,37178,-29777335,-18358952,50.0,0.85
16,0,1,FALSE,FALSE,1,FALSE,FALSE,FALSE,314,312,310,37130,37159,37178,-29812504,-18351839,50.0,0.85
17,0,1,FALSE,FALSE,1,FALSE,FALSE,FALSE,312,317,308,37149,37111,37206,-29834629,-18335049,50.0,0.85
18,0,1,FALSE,FALSE,1,FALSE,FALSE,FALSE,310,315,313,37177,37130,37158,-29672895,-18206056,50.0,0.85
19,0,1,FALSE,FALSE,1,FALSE,FALSE,FALSE,315,313,310,37129,37158,37177,-29915481,-18334277,50.0,0.85
20,0,1,FALSE,FALSE,1,FALSE,FALSE,FALSE,308,313,318,37206,37148,37110,-29543212,-18073232,50.0,0.85
21,0,1,FALSE,FALSE,1,FALSE,FALSE,FALSE,311,316,313,37177,37129,37158,-29772382,-18192388,50.0,0.85
22,0,1,FALSE,FALSE,1,FALSE,FALSE,FALSE,316,314,311,37129,37157,37176,-30014171,-18322460,50.0,0.85
23,0,1,FALSE,FALSE,1,FALSE,FALSE,FALSE,316,314,311,37128,37157,37176,-30046010,-18319811,50.0,0.85
24,0,1,FALSE,FALSE,1,FALSE,FALSE,FALSE,314,312,316,37157,37176,37128,-29879931,-18194771,50.0,0.85
25,0,1,FALSE,FALSE,1,FALSE,FALSE,FALSE,314,319,310,37147,37109,37204,-30095226,-18306158,50.0,0.85
26,0,1,FALSE,FALSE,1,FALSE,FALSE,FALSE,315,312,317,37156,37175,37127,-29940292,-18192724,50.0,0.85
27,0,1,FALSE,FALSE,1,FALSE,FALSE,FALSE,315,312,317,37156,37175,37127,-29969545,-18192670,50.0,0.85
28,0,1,FALSE,FALSE,1,FALSE,FALSE,FALSE,315,312,317,37156,37175,37126,-29998153,-18193264,50.0,0.86
29,0,1,FALSE,FALSE,1,FALSE,FALSE,FALSE,317,315,313,37126,37155,37174,-30224420,-18317570,50.0,0.86
30,0,1,FALSE,FALSE,1,FALSE,FALSE,FALSE,313,318,315,37174,37126,37155,-30040565,-18186085,50.0,0.86
31,0,1,FALSE,FALSE,1,FALSE,FALSE,FALSE,316,313,318,37154,37173,37125,-30079913,-18198920,50.0,0.86
32,0,1,FALSE,FALSE,1,FALSE,FALSE,FALSE,311,316,321,37202,37144,37106,-29894091,-18068668,50.0,0.86
33,0,1,FALSE,FALSE,1,FALSE,FALSE,FALSE,314,318,316,37173,37124,37154,-30118028,-18195592,50.0,0.86
34,0,1,FALSE,FALSE,1,FALSE,FALSE,FALSE,321,312,316,37105,37201,37143,-30367218,-18343907,50.0,0.86
35,0,1,FALSE,FALSE,1,FALSE,FALSE,FALSE,319,317,314,37123,37153,37172,-30378104,-18338679,50.0,0.86
36,0,1,FALSE,FALSE,1,FALSE,FALSE,FALSE,316,322,312,37142,37104,37200,-30388185,-18334104,50.0,0.86
37,0,1,FALSE,FALSE,1,FALSE,FALSE,FALSE,317,314,319,37152,37171,37122,-30223521,-18227505,50.0,0.86
38,0,1,FALSE,FALSE,1,FALSE,FALSE,FALSE,317,322,312,37141,37103,37199,-30431595,-18347503,50.0,0.86
39,0,1,FALSE,FALSE,1,FALSE,FALSE,FALSE,315,320,317,37170,37121,37151,-30252135,-18231717,50.0,0.86
40,0,1,FALSE,FALSE,1,FALSE,FALSE,FALSE,317,322,313,37140,37102,37198,-30471650,-18363389,50.0,0.86
41,0,1,FALSE,FALSE,1,FALSE,FALSE,FALSE,323,313,317,37101,37198,37140,-30516170,-18393001,50.0,0.86
42,0,1,FALSE,FALSE,1,FALSE,FALSE,FALSE,315,320,318,37168,37120,37149,-30307953,-18258111,50.0,0.86
43,0,1,FALSE,FALSE,1,FALSE,FALSE,FALSE,320,318,316,37119,37149,37168,-30538107,-18402158,50.0,0.86
44,0,1,FALSE,FALSE,1,FALSE,FALSE,FALSE,318,316,321,37148,37167,37119,-30353659,-18289061,50.0,0.86
45,0,1,FALSE,FALSE,1,FALSE,FALSE,FALSE,318,323,314,37137,37099,37196,-30556415,-18413681,50.0,0.86
46,0,1,FALSE,FALSE,1,FALSE,FALSE,FALSE,318,323,314,37137,37098,37195,-30570639,-18425498,50.0,0.86
47,0,1,FALSE,FALSE,1,FALSE,FALSE,FALSE,318,324,314,37136,37098,37195,-30583928,-18437884,50.0,0.86
48,0,1,FALSE,FALSE,1,FALSE,FALSE,FALSE,316,321,319,37165,37116,37146,-30395397,-18326747,50.0,0.86
49,0,1,FALSE,FALSE,1,FALSE,FALSE,FALSE,321,319,317,37116,37145,37164,-30620596,-18474743,50.0,0.86
50,0,1,FALSE,FALSE,1,FALSE,FALSE,FALSE,317,321,319,37164,37115,37145,-30417080,-18354094,50.0,0.86
51,0,1,FALSE,FALSE,1,FALSE,FALSE,FALSE,317,322,319,37163,37114,37144,-30426485,-18368566,50.0,0.86
52,0,1,FALSE,FALSE,1,FALSE,FALSE,FALSE,315,319,324,37192,37133,37094,-30233778,-18259099,50.0,0.86
53,0,1,FALSE,FALSE,1,FALSE,FALSE,FALSE,317,322,320,37162,37113,37143,-30442388,-18399055,50.0,0.86
54,0,1,FALSE,FALSE,1,FALSE,FALSE,FALSE,322,320,317,37112,37142,37161,-30663055,-18550193,50.0,0.86
55,0,1,FALSE,FALSE,1,FALSE,FALSE,FALSE,320,325,315,37131,37092,37190,-30655661,-18556326,50.0,0.86
56,0,1,FALSE,FALSE,1,FALSE,FALSE,FALSE,320,325,315,37131,37092,37190,-30660213,-18573398,50.0,0.86
57,0,1,FALSE,FALSE,1,FALSE,FALSE,FALSE,325,315,320,37091,37189,37130,-30689654,-18611945,50.0,0.86
58,0,1,FALSE,FALSE,1,FALSE,FALSE,FALSE,323,320,318,37110,37139,37159,-30679266,-18619432,50.0,0.85
59,0,1,FALSE,FALSE,1,FALSE,FALSE,FALSE,325,316,320,37090,37188,37129,-30693768,-18648416,50.0,0.85
60,0,1,FALSE,FALSE,1,FALSE,FALSE,FALSE,316,320,325,37187,37128,37089,-30265698,-18395470,50.0,0.85
61,0,1,FALSE,FALSE,1,FALSE,FALSE,FALSE,325,316,320,37088,37186,37127,-30693877,-18686609,50.0,0.85
62,0,1,FALSE,FALSE,1,FALSE,FALSE,FALSE,323,321,318,37107,37137,37156,-30679489,-18695749,50.0,0.85
63,0,1,FALSE,FALSE,1,FALSE,FALSE,FALSE,323,321,318,37106,37136,37156,-30677043,-18715838,50.0,0.85
64,0,1,FALSE,FALSE,1,FALSE,FALSE,FALSE,326,316,320,37086,37184,37125,-30686532,-18746893,50.0,0.85
65,0,1,FALSE,FALSE,1,FALSE,FALSE,FALSE,323,321,318,37105,37135,37154,-30669157,-18757131,50.0,0.85
66,0,1,FALSE,FALSE,1,FALSE,FALSE,FALSE,326,316,321,37085,37183,37124,-30676650,-18788920,50.0,0.85
67,0,1,FALSE,FALSE,1,FALSE,FALSE,FALSE,321,318,323,37133,37153,37104,-30456065,-18673479,50.0,0.85
68,0,1,FALSE,FALSE,1,FALSE,FALSE,FALSE,326,316,321,37083,37182,37123,-30662809,-18832283,50.0,0.85
69,0,1,FALSE,FALSE,1,FALSE,FALSE,FALSE,321,318,323,37132,37152,37102,-30440368,-18717155,50.0,0.85
70,0,1,FALSE,FALSE,1,FALSE,FALSE,FALSE,321,319,323,37131,37151,37102,-30431065,-18739432,50.0,0.85
71,0,1,FALSE,FALSE,1,FALSE,FALSE,FALSE,323,321,319,37101,37131,37150,-30621810,-18888901,50.0,0.85
72,0,1,FALSE,FALSE,1,FALSE,FALSE,FALSE,319,323,321,37150,37100,37130,-30396700,-18774140,50.0,0.85
73,0,1,FALSE,FALSE,1,FALSE,FALSE,FALSE,316,321,326,37179,37120,37080,-30183692,-18669973,50.0,0.85
74,0,1,FALSE,FALSE,1,FALSE,FALSE,FALSE,316,321,326,37178,37119,37079,-30170680,-18693080,50.0,0.85
75,0,1,FALSE,FALSE,1,FALSE,FALSE,FALSE,326,316,321,37078,37177,37118,-30583839,-18992830,50.0,0.85
76,0,1,FALSE,FALSE,1,FALSE,FALSE,FALSE,323,321,319,37098,37127,37147,-30555914,-19005942,50.0,0.85
77,0,1,FALSE,FALSE,1,FALSE,FALSE,FALSE,323,321,319,37097,37127,37147,-30539949,-19029949,50.0,0.85
78,0,1,FALSE,FALSE,1,FALSE,FALSE,FALSE,323,321,319,37096,37126,37146,-30523080,-19054118,50.0,0.85
79,0,1,FALSE,FALSE,1,FALSE,FALSE,FALSE,319,323,321,37145,37096,37125,-30292232,-18939551,50.0,0.85
80,0,1,FALSE,FALSE,1,FALSE,FALSE,FALSE,323,321,319,37095,37125,37145,-30486675,-19102875,50.0,0.85
81,0,1,FALSE,FALSE,1,FALSE,FALSE,FALSE,321,319,323,37124,37144,37094,-30267154,-18998960,50.0,0.85
82,0,1,FALSE,FALSE,1,FALSE,FALSE,FALSE,326,316,321,37074,37173,37114,-30459613,-19162881,50.0,0.85
83,0,1,FALSE,FALSE,1,FALSE,FALSE,FALSE,326,316,321,37073,37173,37113,-30438397,-19187621,50.0,0.85
84,0,1,FALSE,FALSE,1,FALSE,FALSE,FALSE,318,323,321,37142,37093,37122,-30191184,-19061857,50.0,0.85
85,0,1,FALSE,FALSE,1,FALSE,FALSE,FALSE,316,321,326,37171,37112,37072,-29969061,-18957431,50.0,0.85
86,0,1,FALSE,FALSE,1,FALSE,FALSE,FALSE,318,323,321,37141,37091,37121,-30145027,-19111207,50.0,0.84
87,0,1,FALSE,FALSE,1,FALSE,FALSE,FALSE,326,316,321,37071,37170,37111,-30345422,-19287022,50.0,0.84
88,0,1,FALSE,FALSE,1,FALSE,FALSE,FALSE,321,318,323,37120,37140,37090,-30108511,-19171436,50.0,0.84
89,0,1,FALSE,FALSE,1,FALSE,FALSE,FALSE,320,326,316,37110,37069,37169,-30268827,-19315003,50.0,0.84
90,0,1,FALSE,FALSE,1,FALSE,FALSE,FALSE,318,323,321,37139,37089,37119,-30043566,-19209894,50.0,0.84
91,0,1,FALSE,FALSE,1,FALSE,FALSE,FALSE,323,321,318,37089,37118,37139,-30227544,-19375403,50.0,0.84
92,0,1,FALSE,FALSE,1,FALSE,FALSE,FALSE,320,325,316,37108,37068,37168,-30186800,-19389175,50.0,0.84
93,0,1,FALSE,FALSE,1,FALSE,FALSE,FALSE,320,325,316,37108,37067,37167,-30158091,-19413738,50.0,0.84
94,0,1,FALSE,FALSE,1,FALSE,FALSE,FALSE,325,315,320,37067,37167,37107,-30154069,-19460057,50.0,0.84
95,0,1,FALSE,FALSE,1,FALSE,FALSE,FALSE,322,320,318,37087,37116,37137,-30111391,-19473453,50.0,0.84
96,0,1,FALSE,FALSE,1,FALSE,FALSE,FALSE,325,315,320,37066,37166,37107,-30093421,-19508621,50.0,0.84
97,0,1,FALSE,FALSE,1,FALSE,FALSE,FALSE,325,315,320,37065,37165,37106,-30062202,-19532674,50.0,0.84
98,0,1,FALSE,FALSE,1,FALSE,FALSE,FALSE,320,317,322,37115,37135,37085,-29820717,-19414411,50.0,0.84
99,0,1,FALSE,FALSE,1,FALSE,FALSE,FALSE,320,317,322,37114,37135,37085,-29788609,-19437936,50.0,0.84
100,0,1,FALSE,FALSE,1,FALSE,FALSE,FALSE,319,324,315,37105,37064,37164,-29940052,-19581719,50.0,0.84
