,t,ct:CT1:Ia_ka,ct:CT1:Ib_ka,ct:CT1:Ic_ka,ct:CT1:Pa_mw,ct:CT1:Pb_mw,ct:CT1:Pc_mw,ct:CT1:Qa_mvar,ct:CT1:Qb_mvar,ct:CT1:Qc_mvar,bus:bus1:vm_a_kv,bus:bus1:vm_b_kv,bus:bus1:vm_c_kv,ct:CT2:Ia_ka,ct:CT2:Ib_ka,ct:CT2:Ic_ka,ct:CT2:Pa_mw,ct:CT2:Pb_mw,ct:CT2:Pc_mw,ct:CT2:Qa_mvar,ct:CT2:Qb_mvar,ct:CT2:Qc_mvar,ct:CT3:Ia_ka,ct:CT3:Ib_ka,ct:CT3:Ic_ka,ct:CT3:Pa_mw,ct:CT3:Pb_mw,ct:CT3:Pc_mw,ct:CT3:Qa_mvar,ct:CT3:Qb_mvar,ct:CT3:Qc_mvar,cb:CB1:closed,cb:CB2:closed,cb:CB3:closed
0,0.0,0.30900143775088595,0.30900143775088607,0.30900143775088607,-9.695357668951573,-9.695357668951576,-9.695357668951575,-6.1500547292799945,-6.150054729279993,-6.150054729279997,64.35702242735404,64.35702242735404,64.35702242735404,0.154500718875445,0.15450071887544503,0.1545007188754451,4.847678834475823,4.847678834475824,4.847678834475824,3.0750273646400794,3.0750273646400794,3.0750273646400816,0.154500718875445,0.15450071887544503,0.1545007188754451,4.847678834475823,4.847678834475824,4.847678834475824,3.0750273646400794,3.0750273646400794,3.0750273646400816,True,True,True
1,0.1,0.30921409870914723,0.30921409870914734,0.30921409870914723,-9.708049262431958,-9.708049262431961,-9.708049262431956,-6.144843125492582,-6.144843125492582,-6.144843125492586,64.35718695954075,64.35718695954074,64.35718695954074,0.15460704935457778,0.15460704935457784,0.1546070493545778,4.854024631216059,4.854024631216061,4.854024631216058,3.072421562746456,3.072421562746455,3.0724215627464573,0.15460704935457778,0.15460704935457784,0.15460704935457784,4.854024631216059,4.854024631216061,4.854024631216059,3.0724215627464555,3.0724215627464555,3.072421562746458,True,True,True
2,0.2,0.309429449708345,0.309429449708345,0.3094294497083451,-9.720732712570436,-9.72073271257044,-9.720732712570436,-6.139801133876201,-6.139801133876197,-6.139801133876204,64.35732125146215,64.35732125146215,64.35732125146215,0.15471472485417148,0.1547147248541715,0.1547147248541715,4.860366356285243,4.860366356285246,4.860366356285243,3.0699005669379886,3.0699005669379855,3.06990056693799,0.15471472485417148,0.1547147248541715,0.1547147248541715,4.860366356285243,4.860366356285246,4.860366356285243,3.0699005669379886,3.0699005669379855,3.06990056693799,True,True,True
3,0.3,0.3096473310047302,0.3096473310047302,0.30964733100473013,-9.733399325519636,-9.733399325519636,-9.73339932551963,-6.134932206016401,-6.134932206016399,-6.134932206016403,64.35742521357392,64.3574252135739,64.35742521357392,0.15482366550236315,0.15482366550236312,0.15482366550236315,4.866699662759749,4.866699662759749,4.866699662759747,3.0674661030081745,3.067466103008173,3.0674661030081762,0.15482366550236315,0.15482366550236312,0.15482366550236315,4.866699662759749,4.866699662759749,4.866699662759747,3.0674661030081745,3.067466103008173,3.0674661030081762,True,True,True
4,0.4,0.30986758073467063,0.30986758073467074,0.30986758073467074,-9.746040418847336,-9.746040418847343,-9.746040418847336,-6.130239674498484,-6.130239674498482,-6.130239674498489,64.35749877730547,64.35749877730545,64.35749877730547,0.15493379036733987,0.15493379036733992,0.15493379036733992,4.873020209423783,4.873020209423787,4.8730202094237836,3.065119837249379,3.065119837249376,3.0651198372493806,0.15493379036733923,0.15493379036733926,0.1549337903673393,4.873020209423754,4.873020209423757,4.873020209423756,3.065119837249379,3.0651198372493775,3.065119837249381,True,True,True
5,0.5,0.3100900350620837,0.3100900350620837,0.31009003506208366,-9.758647327490872,-9.758647327490873,-9.758647327490868,-6.125726750630532,-6.12572675063053,-6.125726750630535,64.35754189510055,64.35754189510055,64.35754189510055,0.15504501753104388,0.15504501753104388,0.15504501753104388,4.879323663745473,4.879323663745474,4.879323663745472,3.0628633753153482,3.0628633753153474,3.06286337531535,0.15504501753104388,0.15504501753104388,0.15504501753104388,4.879323663745473,4.879323663745474,4.879323663745472,3.0628633753153482,3.0628633753153474,3.06286337531535,True,True,True
6,0.6,0.3103145283280696,0.31031452832806955,0.3103145283280695,-9.77121140969877,-9.77121140969877,-9.771211409698767,-6.121396522256558,-6.121396522256556,-6.121396522256561,64.35755454044197,64.35755454044197,64.35755454044197,0.15515726416403364,0.15515726416403364,0.15515726416403364,4.885605704849405,4.885605704849405,4.885605704849403,3.0606982611281675,3.0606982611281675,3.0606982611281697,0.15515726416403428,0.15515726416403428,0.15515726416403425,4.885605704849432,4.885605704849432,4.88560570484943,3.0606982611281675,3.0606982611281675,3.0606982611281697,True,True,True
7,0.7,0.3105408932025302,0.31054089320253014,0.3105408932025302,-9.783724052959027,-9.783724052959027,-9.783724052959023,-6.117251951656061,-6.1172519516560575,-6.117251951656064,64.35753670786097,64.35753670786096,64.35753670786094,0.15527044660126682,0.1552704466012668,0.15527044660126682,4.8918620264795365,4.8918620264795365,4.891862026479536,3.0586259758281136,3.0586259758281122,3.0586259758281136,0.15527044660126682,0.1552704466012668,0.15527044660126682,4.891862026479537,4.8918620264795365,4.891862026479536,3.058625975828113,3.0586259758281122,3.0586259758281136,True,True,True
8,0.8,0.3107689608373791,0.31076896083737904,0.310768960837379,-9.79617667990547,-9.796176679905471,-9.796176679905468,-6.113295873526628,-6.113295873526624,-6.11329587352663,64.35748841293271,64.3574884129327,64.35748841293271,0.15538448041869032,0.1553844804186903,0.15538448041869035,4.8980883399527695,4.8980883399527695,4.898088339952769,3.0566479367633135,3.056647936763311,3.0566479367633144,0.15538448041869032,0.1553844804186903,0.15538448041869035,4.8980883399527695,4.8980883399527695,4.898088339952769,3.0566479367633126,3.056647936763311,3.056647936763315,True,True,True
9,0.9,0.3109985610212946,0.31099856102129464,0.31099856102129453,-9.808560754201917,-9.808560754201919,-9.80856075420191,-6.109530993056623,-6.109530993056622,-6.109530993056626,64.35740969225654,64.35740969225652,64.35740969225652,0.15549928051064207,0.1554992805106421,0.15549928051064207,4.904280377100849,4.90428037710085,4.904280377100849,3.05476549652812,3.0547654965281184,3.054765496528122,0.15549928051064207,0.1554992805106421,0.15549928051064207,4.904280377100849,4.90428037710085,4.904280377100849,3.05476549652812,3.0547654965281184,3.054765496528122,True,True,True
10,1.0,0.31122952233574785,0.31122952233574785,0.31122952233574785,-9.820867786396752,-9.820867786396752,-9.820867786396752,-6.105959884091195,-6.105959884091192,-6.105959884091198,64.35730060342081,64.35730060342081,64.3573006034208,0.15561476116787534,0.15561476116787526,0.15561476116787534,4.9104338931984035,4.910433893198403,4.910433893198404,3.0529799420456523,3.0529799420456496,3.0529799420456536,0.15561476116787534,0.15561476116787526,0.15561476116787534,4.9104338931984035,4.910433893198403,4.910433893198404,3.0529799420456523,3.0529799420456496,3.0529799420456536,True,True,True
11,1.1,0.311461672311992,0.311461672311992,0.3114616723119922,-9.833089339748156,-9.833089339748161,-9.833089339748158,-6.102584987380205,-6.102584987380201,-6.102584987380209,64.35716122495442,64.35716122495441,64.35716122495441,0.15573083615599018,0.1557308361559902,0.15573083615599026,4.91654466987403,4.916544669874033,4.916544669874031,3.05129249368977,3.051292493689768,3.0512924936897727,0.15573083615599018,0.1557308361559902,0.15573083615599026,4.91654466987403,4.916544669874033,4.916544669874031,3.05129249368977,3.051292493689768,3.0512924936897727,True,True,True
12,1.2,0.31169483758898203,0.3116948375889821,0.3116948375889821,-9.845217036010927,-9.845217036010935,-9.845217036010927,-6.0994086089296005,-6.099408608929597,-6.099408608929602,64.35699165626177,64.35699165626177,64.35699165626177,0.1558474187944934,0.15584741879449343,0.15584741879449343,4.922608518005501,4.922608518005503,4.922608518005501,3.0497043044649104,3.049704304464909,3.0497043044649113,0.1558474187944934,0.15584741879449343,0.15584741879449343,4.922608518005501,4.922608518005503,4.922608518005501,3.0497043044649104,3.049704304464909,3.0497043044649113,True,True,True
13,1.3,0.3119288440717696,0.31192884407176963,0.31192884407176963,-9.857242561184682,-9.857242561184686,-9.857242561184684,-6.096432918436059,-6.096432918436058,-6.096432918436063,64.35679201754472,64.35679201754472,64.35679201754472,0.15596442203588443,0.15596442203588448,0.15596442203588448,4.928621280592361,4.928621280592362,4.928621280592361,3.0482164592179735,3.048216459217973,3.0482164592179757,0.15596442203588443,0.15596442203588448,0.15596442203588448,4.928621280592361,4.928621280592362,4.928621280592361,3.0482164592179735,3.048216459217973,3.0482164592179757,True,True,True
14,1.4,0.31216351709037743,0.3121635170903775,0.3121635170903775,-9.869157671218668,-9.869157671218671,-9.869157671218666,-6.093659947821908,-6.093659947821907,-6.093659947821912,64.35656244970905,64.35656244970906,64.35656244970905,0.15608175854518422,0.15608175854518425,0.15608175854518425,4.9345788356092735,4.934578835609274,4.934578835609273,3.0468299739107327,3.0468299739107323,3.046829973910735,0.15608175854518422,0.15608175854518425,0.15608175854518425,4.9345788356092735,4.934578835609274,4.934578835609273,3.0468299739107327,3.0468299739107323,3.046829973910735,True,True,True
15,1.5,0.31239868155872524,0.31239868155872513,0.31239868155872524,-9.880954197667187,-9.880954197667187,-9.880954197667185,-6.091091589860594,-6.091091589860589,-6.091091589860596,64.35630311425716,64.35630311425716,64.35630311425714,0.15619934077936182,0.15619934077936182,0.15619934077936182,4.940477098833559,4.940477098833559,4.940477098833556,3.0455457949302978,3.0455457949302964,3.045545794930299,0.15619934077936182,0.15619934077936182,0.15619934077936182,4.940477098833559,4.940477098833559,4.940477098833556,3.0455457949302978,3.0455457949302964,3.045545794930299,True,True,True
16,1.6,0.31263416213363127,0.31263416213363127,0.3126341621336312,-9.892624053295823,-9.892624053295824,-9.892624053295817,-6.088729596903283,-6.08872959690328,-6.088729596903285,64.35601419316541,64.35601419316541,64.35601419316541,0.1563170810668148,0.15631708106681483,0.15631708106681483,4.94631202664791,4.94631202664791,4.946312026647909,3.0443647984515856,3.0443647984515843,3.044364798451588,0.15631708106681486,0.15631708106681483,0.1563170810668148,4.946312026647911,4.946312026647911,4.946312026647908,3.044364798451586,3.044364798451585,3.0443647984515865,True,True,True
17,1.7,0.31286978337340243,0.31286978337340243,0.3128697833734024,-9.9041592376295,-9.904159237629502,-9.904159237629496,-6.086575579697017,-6.086575579697015,-6.086575579697021,64.35569588874857,64.35569588874857,64.35569588874857,0.15643489168671143,0.15643489168671143,0.15643489168671146,4.952079618814891,4.952079618814891,4.9520796188148895,3.0432877898490043,3.043287789849003,3.043287789849006,0.15643489168671143,0.15643489168671143,0.15643489168671146,4.952079618814891,4.952079618814891,4.9520796188148895,3.0432877898490043,3.043287789849003,3.043287789849006,True,True,True
18,1.8,0.313105369896059,0.313105369896059,0.313105369896059,-9.915551842443312,-9.915551842443312,-9.915551842443312,-6.084631006304904,-6.084631006304904,-6.0846310063049085,64.35534842350864,64.35534842350864,64.35534842350864,0.15655268494802604,0.15655268494802604,0.15655268494802602,4.957775921221659,4.957775921221659,4.957775921221657,3.042315503152203,3.0423155031522024,3.042315503152205,0.15655268494802604,0.15655268494802604,0.15655268494802602,4.957775921221659,4.957775921221659,4.957775921221657,3.042315503152203,3.0423155031522024,3.042315503152205,True,True,True
19,1.9,0.31334074653677413,0.31334074653677413,0.3133407465367742,-9.926794057189449,-9.92679405718945,-9.926794057189447,-6.082897201119508,-6.082897201119505,-6.082897201119511,64.3549720399715,64.3549720399715,64.3549720399715,0.1566703732683929,0.15667037326839287,0.15667037326839295,4.963397028594827,4.963397028594827,4.9633970285948275,3.041448600560002,3.0414486005599985,3.041448600560004,0.1566703732683929,0.1566703732683929,0.1566703732683929,4.9633970285948275,4.9633970285948275,4.963397028594825,3.041448600560001,3.0414486005600008,3.041448600560002,True,True,True
20,2.0,0.3135757385044985,0.31357573850449855,0.3135757385044985,-9.937878174356843,-9.937878174356845,-9.93787817435684,-6.081375343980807,-6.081375343980803,-6.08137534398081,64.35456700050779,64.3545670005078,64.35456700050779,0.15678786925224975,0.15678786925224972,0.15678786925224972,4.968939087178408,4.968939087178409,4.968939087178407,3.0406876719904594,3.040687671990457,3.0406876719904603,0.15678786925225038,0.15678786925225033,0.15678786925225038,4.968939087178436,4.968939087178438,4.968939087178435,3.040687671990459,3.0406876719904563,3.04068767199046,True,True,True
21,2.1,0.3138101715374336,0.3138101715374337,0.3138101715374336,-9.948796594761202,-9.948796594761204,-9.948796594761202,-6.080066469388343,-6.080066469388342,-6.080066469388346,64.3541335871417,64.35413358714169,64.35413358714169,0.1569050857687129,0.15690508576871293,0.1569050857687129,4.9743982973805485,4.974398297380551,4.9743982973805485,3.0400332346939787,3.0400332346939782,3.04003323469398,0.1569050857687129,0.15690508576871295,0.1569050857687129,4.9743982973805485,4.974398297380551,4.9743982973805485,3.040033234693979,3.040033234693979,3.040033234693981,True,True,True
22,2.2,0.31404387205725626,0.3140438720572562,0.31404387205725626,-9.95954183276022,-9.95954183276022,-9.959541832760218,-6.078971465816798,-6.078971465816793,-6.0789714658167995,64.35367210134542,64.35367210134542,64.35367210134541,0.15702193602862666,0.15702193602862663,0.15702193602862666,4.979770916380114,4.979770916380114,4.979770916380113,3.039485732908287,3.0394857329082843,3.039485732908288,0.15702193602862666,0.15702193602862663,0.15702193602862666,4.979770916380114,4.979770916380114,4.979770916380113,3.039485732908287,3.0394857329082843,3.039485732908288,True,True,True
23,2.3,0.31427666732184223,0.31427666732184234,0.3142766673218423,-9.970106521391514,-9.970106521391516,-9.970106521391513,-6.078091075129567,-6.078091075129566,-6.07809107512957,64.3531828638204,64.35318286382041,64.3531828638204,0.15713833366092098,0.15713833366092098,0.157138333660921,4.985053260695751,4.985053260695752,4.98505326069575,3.039045537564784,3.0390455375647822,3.0390455375647853,0.15713833366092098,0.15713833366092098,0.157138333660921,4.985053260695751,4.985053260695752,4.98505326069575,3.039045537564784,3.0390455375647822,3.0390455375647853,True,True,True
24,2.4,0.3145083855763399,0.31450838557634014,0.31450838557634003,-9.980483417428625,-9.98048341742863,-9.980483417428625,-6.077425892095004,-6.077425892095006,-6.077425892095008,64.3526662142655,64.35266621426548,64.35266621426548,0.15725419278817288,0.15725419278817293,0.1572541927881729,4.990241708714337,4.990241708714339,4.990241708714337,3.038712946047667,3.038712946047668,3.03871294604767,0.15725419278817288,0.15725419278817293,0.1572541927881729,4.990241708714337,4.990241708714339,4.990241708714337,3.038712946047667,3.038712946047668,3.03871294604767,True,True,True
25,2.5,0.31473885620236397,0.3147388562023641,0.31473885620236414,-9.990665406352683,-9.990665406352688,-9.990665406352687,-6.076976364000423,-6.076976364000418,-6.076976364000428,64.35212251113238,64.35212251113238,64.35212251113236,0.15736942810118243,0.15736942810118248,0.15736942810118254,4.995332703176362,4.995332703176365,4.995332703176364,3.038488182000211,3.038488182000209,3.0384881820002136,0.15736942810118243,0.15736942810118248,0.15736942810118254,4.995332703176362,4.995332703176365,4.995332703176364,3.038488182000211,3.038488182000209,3.0384881820002136,True,True,True
26,2.6,0.3149679098652298,0.31496790986522993,0.31496790986522993,-10.00064550723599,-10.000645507235994,-10.000645507235992,-6.076742790371196,-6.0767427903711955,-6.0767427903712,64.35155213136767,64.35155213136765,64.35155213136765,0.15748395493262238,0.15748395493262243,0.15748395493262243,5.00032275361812,5.000322753618121,5.00032275361812,3.038371395185928,3.0383713951859277,3.03837139518593,0.15748395493262238,0.15748395493262243,0.15748395493262243,5.00032275361812,5.000322753618121,5.00032275361812,3.038371395185928,3.0383713951859277,3.03837139518593,True,True,True
27,2.7,0.3151953786589293,0.31519537865892927,0.3151953786589293,-10.010416877533556,-10.010416877533554,-10.010416877533554,-6.076725322787084,-6.076725322787082,-6.076725322787087,64.35095547014305,64.35095547014305,64.35095547014305,0.15759768932946777,0.15759768932946774,0.15759768932946777,5.0052084387668305,5.0052084387668305,5.00520843876683,3.03836266139368,3.0383626613936783,3.038362661393681,0.15759768932946777,0.15759768932946774,0.15759768932946777,5.0052084387668305,5.0052084387668305,5.00520843876683,3.03836266139368,3.0383626613936783,3.038362661393681,True,True,True
28,2.8,0.31542109624878245,0.3154210962487824,0.31542109624878234,-10.01997281777982,-10.019972817779818,-10.019972817779816,-6.076923964801868,-6.076923964801864,-6.076923964801869,64.35033294057287,64.35033294057288,64.35033294057287,0.15771054812439123,0.1577105481243912,0.15771054812439117,5.00998640888991,5.009986408889909,5.009986408889908,3.038461982400934,3.038461982400932,3.0384619824009347,0.15771054812439123,0.1577105481243912,0.15771054812439117,5.00998640888991,5.009986408889909,5.009986408889908,3.038461982400934,3.038461982400932,3.0384619824009347,True,True,True
29,2.9,0.31564489801160384,0.31564489801160384,0.3156448980116039,-10.029306776187614,-10.029306776187612,-10.02930677618761,-6.077338571965447,-6.077338571965446,-6.077338571965453,64.34968497341923,64.34968497341922,64.34968497341922,0.15782244900580436,0.15782244900580436,0.1578224490058044,5.01465338809383,5.01465338809383,5.014653388093828,3.038669285982861,3.0386692859828606,3.038669285982864,0.15782244900580436,0.15782244900580436,0.1578224490058044,5.01465338809383,5.01465338809383,5.014653388093828,3.038669285982861,3.0386692859828606,3.038669285982864,True,True,True
30,3.0,0.31586662117315356,0.3158666211731536,0.31586662117315367,-10.038412353145784,-10.038412353145787,-10.038412353145784,-6.0779688519436545,-6.07796885194365,-6.077968851943655,64.34901201678582,64.34901201678582,64.34901201678582,0.15793331058657423,0.15793331058657425,0.15793331058657425,5.019206176572916,5.019206176572918,5.019206176572916,3.0389844259716043,3.038984425971602,3.038984425971605,0.15793331058657423,0.15793331058657425,0.15793331058657425,5.019206176572916,5.019206176572918,5.019206176572916,3.0389844259716043,3.038984425971602,3.038984425971605,True,True,True
31,3.1,0.3160861049427958,0.3160861049427959,0.316086104942796,-10.04728330561184,-10.047283305611845,-10.047283305611845,-6.078814364741287,-6.078814364741282,-6.07881436474129,64.34831453579997,64.34831453579999,64.34831453579997,0.15804305247140188,0.1580430524714019,0.158043052471402,5.023641652805993,5.023641652805994,5.023641652805996,3.039407182370808,3.039407182370806,3.0394071823708098,0.15804305247140188,0.1580430524714019,0.158043052471402,5.023641652805993,5.023641652805994,5.023641652805996,3.039407182370808,3.039407182370806,3.0394071823708098,True,True,True
32,3.2,0.3163031906452299,0.31630319064522977,0.31630319064522977,-10.055913551397646,-10.055913551397646,-10.055913551397639,-6.079874523026453,-6.079874523026449,-6.079874523026453,64.34759301228287,64.34759301228287,64.34759301228289,0.1581515953226202,0.1581515953226202,0.15815159532262013,5.027956775698884,5.027956775698884,5.0279567756988826,3.039937261513502,3.0399372615135007,3.0399372615135025,0.1581515953226202,0.1581515953226202,0.15815159532262013,5.027956775698884,5.027956775698884,5.0279567756988826,3.039937261513502,3.0399372615135007,3.0399372615135025,True,True,True
33,3.3,0.3165177218491264,0.3165177218491266,0.31651772184912647,-10.06429717334456,-10.064297173344567,-10.064297173344562,-6.0811485925548405,-6.081148592554839,-6.081148592554846,64.346847944409,64.34684794440899,64.34684794440899,0.15825886092456606,0.15825886092456615,0.15825886092456615,5.032148586672304,5.032148586672308,5.032148586672307,3.0405742962775864,3.040574296277586,3.040574296277589,0.15825886092456606,0.15825886092456615,0.15825886092456615,5.032148586672304,5.032148586672308,5.032148586672307,3.0405742962775864,3.040574296277586,3.040574296277589,True,True,True
34,3.4,0.31672954449255014,0.31672954449255014,0.3167295444925502,-10.072428423385983,-10.072428423385984,-10.07242842338598,-6.08263569269258,-6.082635692692578,-6.082635692692584,64.34607984635483,64.34607984635483,64.34607984635484,0.1583647722462787,0.15836477224627873,0.1583647722462787,5.03621421169305,5.036214211693051,5.036214211693048,3.041317846346455,3.041317846346453,3.0413178463464563,0.1583647722462787,0.15836477224627873,0.1583647722462787,5.03621421169305,5.036214211693051,5.036214211693048,3.041317846346455,3.041317846346453,3.0413178463464563,True,True,True
35,3.5,0.31693850700504655,0.31693850700504655,0.31693850700504655,-10.080301726492316,-10.080301726492321,-10.080301726492316,-6.084334797040506,-6.084334797040502,-6.084334797040507,64.34528924793676,64.34528924793676,64.34528924793676,0.1584692535025285,0.15846925350252852,0.15846925350252855,5.040150863246287,5.0401508632462875,5.0401508632462875,3.042167398520416,3.0421673985204145,3.042167398520417,0.1584692535025285,0.15846925350252852,0.15846925350252855,5.040150863246287,5.0401508632462875,5.0401508632462875,3.042167398520416,3.0421673985204145,3.042167398520417,True,True,True
36,3.6,0.3171444604263374,0.3171444604263375,0.3171444604263374,-10.08791168449864,-10.087911684498645,-10.08791168449864,-6.086244734158395,-6.086244734158392,-6.086244734158397,64.34447669423842,64.34447669423842,64.34447669423841,0.15857223021316655,0.15857223021316658,0.15857223021316655,5.04395584224931,5.043955842249312,5.043955842249309,3.0431223670790586,3.0431223670790573,3.0431223670790595,0.15857223021316752,0.15857223021316755,0.15857223021316752,5.043955842249284,5.043955842249288,5.043955842249284,3.043122367079171,3.0431223670791696,3.043122367079172,True,True,True
37,3.7,0.3173472585214266,0.31734725852142653,0.31734725852142665,-10.095253079810348,-10.095253079810348,-10.095253079810345,-6.088364188385733,-6.088364188385727,-6.088364188385737,64.34364274522854,64.34364274522854,64.34364274522854,0.1586736292607172,0.1586736292607172,0.1586736292607172,5.047626539905227,5.047626539905227,5.0476265399052265,3.0441820941930597,3.0441820941930575,3.044182094193061,0.1586736292607172,0.1586736292607172,0.1586736292607172,5.047626539905227,5.047626539905227,5.0476265399052265,3.0441820941930597,3.0441820941930575,3.044182094193061,True,True,True
38,3.8,0.3175467578920795,0.3175467578920794,0.3175467578920795,-10.102320878984274,-10.102320878984274,-10.102320878984274,-6.090691700762242,-6.090691700762236,-6.090691700762242,64.34278797536845,64.34278797536844,64.34278797536844,0.15877337894604676,0.15877337894604673,0.1587733789460468,5.0511604394921745,5.0511604394921745,5.0511604394921745,3.0453458503815636,3.045345850381561,3.045345850381564,0.15877337894604676,0.15877337894604673,0.1587733789460468,5.0511604394921745,5.0511604394921745,5.0511604394921745,3.0453458503815636,3.045345850381561,3.045345850381564,True,True,True
39,3.9,0.3177428180845949,0.317742818084595,0.317742818084595,-10.109110236184653,-10.109110236184655,-10.109110236184652,-6.093225670045523,-6.093225670045524,-6.093225670045529,64.34191297321061,64.34191297321061,64.3419129732106,0.15887140904229732,0.15887140904229735,0.15887140904229732,5.0545551180923205,5.054555118092321,5.05455511809232,3.0466128350227617,3.0466128350227613,3.0466128350227635,0.15887140904229732,0.15887140904229735,0.15887140904229732,5.0545551180923205,5.054555118092321,5.05455511809232,3.0466128350227617,3.0466128350227613,3.0466128350227635,True,True,True
40,4.0,0.31793530169371415,0.31793530169371415,0.31793530169371415,-10.115616496508913,-10.115616496508915,-10.115616496508913,-6.0959643538241215,-6.095964353824121,-6.095964353824124,64.34101834098759,64.3410183409876,64.34101834098759,0.15896765084685674,0.15896765084685677,0.1589676508468568,5.057808248254476,5.057808248254478,5.057808248254476,3.0479821769120043,3.0479821769120043,3.0479821769120057,0.15896765084685674,0.15896765084685677,0.1589676508468568,5.057808248254476,5.057808248254478,5.057808248254476,3.0479821769120043,3.0479821769120043,3.0479821769120057,True,True,True
41,4.1,0.3181240744626869,0.31812407446268687,0.31812407446268687,-10.121835199183307,-10.121835199183307,-10.121835199183304,-6.0989058697285135,-6.09890586972851,-6.098905869728516,64.34010469419246,64.34010469419245,64.34010469419245,0.15906203723134837,0.15906203723134832,0.1590620372313484,5.060917599591701,5.0609175995917,5.0609175995917,3.049452934864533,3.04945293486453,3.049452934864534,0.15906203723134837,0.15906203723134832,0.1590620372313484,5.060917599591701,5.0609175995917,5.0609175995917,3.049452934864533,3.04945293486453,3.049452934864534,True,True,True
42,4.2,0.31830900537934453,0.3183090053793446,0.31830900537934465,-10.1277620806243,-10.127762080624304,-10.1277620806243,-6.102048196736282,-6.102048196736281,-6.102048196736286,64.33917266115016,64.33917266115016,64.33917266115014,0.1591545026896777,0.15915450268967776,0.15915450268967776,5.063881040312238,5.063881040312239,5.063881040312237,3.051024098368389,3.051024098368388,3.0510240983683903,0.1591545026896777,0.15915450268967776,0.15915450268967776,5.063881040312238,5.063881040312239,5.063881040312237,3.051024098368389,3.051024098368388,3.0510240983683903,True,True,True
43,4.3,0.3184899667681425,0.31848996676814245,0.3184899667681425,-10.133393077365414,-10.133393077365414,-10.13339307736541,-6.105389176569814,-6.105389176569812,-6.105389176569816,64.33822288258139,64.33822288258138,64.33822288258138,0.15924498338407003,0.15924498338407006,0.15924498338407006,5.066696538682739,5.066696538682739,5.066696538682738,3.052694588284767,3.052694588284765,3.0526945882847683,0.15924498338407161,0.15924498338407164,0.15924498338407164,5.066696538682741,5.066696538682742,5.066696538682741,3.0526945882848775,3.052694588284876,3.0526945882848793,True,True,True
44,4.4,0.31866683437814125,0.3186668343781414,0.3186668343781413,-10.138724328846015,-10.138724328846022,-10.138724328846015,-6.1089265151893875,-6.108926515189387,-6.108926515189388,64.3372560111578,64.3372560111578,64.3372560111578,0.15933341718907473,0.15933341718907476,0.15933341718907476,5.069362164423034,5.069362164423038,5.069362164423036,3.0544632575949424,3.054463257594942,3.0544632575949433,0.15933341718907473,0.15933341718907476,0.15933341718907476,5.069362164423034,5.069362164423038,5.069362164423036,3.0544632575949424,3.054463257594942,3.0544632575949433,True,True,True
45,4.5,0.318839487466847,0.3188394874668469,0.318839487466847,-10.143752180061021,-10.143752180061023,-10.14375218006102,-6.112657784377296,-6.1126577843772925,-6.1126577843773005,64.33627271104994,64.33627271104993,64.33627271104993,0.1594197437334257,0.1594197437334257,0.15941974373342568,5.07187609003054,5.071876090030542,5.071876090030539,3.0563288921887586,3.0563288921887573,3.0563288921887595,0.1594197437334257,0.1594197437334257,0.15941974373342568,5.07187609003054,5.071876090030542,5.071876090030538,3.0563288921887586,3.0563288921887573,3.056328892188761,True,True,True
46,4.6,0.3190078088798489,0.3190078088798488,0.3190078088798488,-10.148473184069001,-10.148473184068997,-10.148473184068992,-6.116580423411585,-6.11658042341158,-6.116580423411587,64.33527365746791,64.33527365746792,64.33527365746791,0.15950390443992993,0.15950390443992993,0.1595039044399299,5.074236592034556,5.074236592034555,5.074236592034552,3.058290211706096,3.0582902117060944,3.058290211706097,0.15950390443992993,0.15950390443992993,0.1595039044399299,5.074236592034556,5.074236592034555,5.074236592034552,3.058290211706096,3.0582902117060944,3.058290211706097,True,True,True
47,4.7,0.3191716851262882,0.3191716851262883,0.3191716851262883,-10.152884104357746,-10.152884104357746,-10.152884104357744,-6.120691740831852,-6.120691740831852,-6.120691740831856,64.334259536195,64.33425953619499,64.33425953619499,0.15958584256314906,0.15958584256314906,0.15958584256314906,5.076442052178955,5.076442052178955,5.076442052178954,3.0603458704161453,3.060345870416145,3.0603458704161475,0.15958584256314906,0.15958584256314906,0.15958584256314906,5.076442052178955,5.076442052178955,5.076442052178954,3.0603458704161453,3.060345870416145,3.0603458704161475,True,True,True
48,4.8,0.31933100645007495,0.31933100645007495,0.319331006450075,-10.156981917065277,-10.15698191706528,-10.156981917065275,-6.124988916292707,-6.124988916292704,-6.124988916292709,64.33323104311434,64.33323104311434,64.33323104311432,0.1596655032250424,0.15966550322504236,0.15966550322504244,5.078490958532719,5.078490958532721,5.078490958532721,3.0624944581465727,3.062494458146571,3.062494458146574,0.1596655032250424,0.15966550322504236,0.15966550322504242,5.078490958532719,5.078490958532721,5.078490958532719,3.0624944581465723,3.062494458146571,3.0624944581465736,True,True,True
49,4.9,0.31948566689679014,0.3194856668967901,0.31948566689679014,-10.160763813054045,-10.160763813054045,-10.160763813054043,-6.129469002502262,-6.129469002502258,-6.1294690025022645,64.33218888373013,64.33218888373013,64.33218888373011,0.1597428334484037,0.15974283344840373,0.15974283344840373,5.0803819065271485,5.0803819065271485,5.0803819065271485,3.0647345012515435,3.064734501251542,3.0647345012515452,0.1597428334484037,0.15974283344840373,0.15974283344840373,5.0803819065271485,5.0803819065271485,5.0803819065271485,3.0647345012515435,3.064734501251542,3.0647345012515452,True,True,True
50,5.0,0.31963556437640145,0.31963556437640145,0.31963556437640145,-10.164227199838937,-10.164227199838937,-10.164227199838935,-6.134128927250612,-6.134128927250612,-6.1341289272506145,64.33113377268174,64.33113377268175,64.33113377268174,0.15981778218819526,0.15981778218819528,0.1598177821881953,5.0821135999194,5.0821135999194,5.082113599919397,3.0670644636250297,3.067064463625029,3.067064463625031,0.15981778218819526,0.15981778218819528,0.1598177821881953,5.0821135999194,5.0821135999194,5.082113599919397,3.0670644636250297,3.067064463625029,3.067064463625031,True,True,True
51,5.1,0.31978060072155995,0.31978060072156,0.31978060072156006,-10.167369703364585,-10.167369703364587,-10.167369703364585,-6.138965495517106,-6.138965495517108,-6.1389654955171125,64.33006643325352,64.33006643325352,64.3300664332535,0.15989030036077617,0.15989030036077617,0.1598903003607762,5.083684851682227,5.083684851682227,5.083684851682226,3.0694827477583884,3.069482747758389,3.069482747758391,0.15989030036077617,0.15989030036077617,0.1598903003607762,5.083684851682227,5.083684851682227,5.083684851682226,3.0694827477583884,3.069482747758389,3.069482747758391,True,True,True
52,5.2,0.3199206817417464,0.3199206817417465,0.3199206817417464,-10.170189169634291,-10.170189169634293,-10.170189169634291,-6.143975391667687,-6.1439753916676825,-6.143975391667689,64.32898759687772,64.32898759687772,64.32898759687772,0.159960340870877,0.159960340870877,0.15996034087087702,5.085094584817226,5.085094584817228,5.0850945848172255,3.0719876958339802,3.071987695833979,3.071987695833982,0.159960340870877,0.159960340870877,0.15996034087087702,5.085094584817226,5.085094584817228,5.0850945848172255,3.0719876958339802,3.071987695833979,3.071987695833982,True,True,True
53,5.3,0.32005571727301485,0.3200557172730148,0.32005571727301485,-10.172683666187288,-10.172683666187288,-10.172683666187282,-6.149155181726948,-6.149155181726944,-6.149155181726951,64.32789800263393,64.32789800263393,64.32789800263392,0.16002785863650587,0.16002785863650584,0.16002785863650587,5.086341833093627,5.086341833093627,5.086341833093626,3.0745775908633908,3.074577590863388,3.0745775908633917,0.16002785863650587,0.16002785863650587,0.16002785863650587,5.086341833093627,5.086341833093628,5.086341833093626,3.0745775908633908,3.0745775908633886,3.074577590863392,True,True,True
54,5.4,0.32018562122347954,0.3201856212234796,0.3201856212234795,-10.1748514834228,-10.174851483422803,-10.174851483422795,-6.15450131573364,-6.1545013157336355,-6.154501315733641,64.32679839674311,64.32679839674313,64.32679839674311,0.1600928106117422,0.16009281061174216,0.16009281061174216,5.087425741711438,5.087425741711439,5.087425741711436,3.07725065786693,3.0772506578669283,3.07725065786693,0.16009281061174213,0.16009281061174216,0.1600928106117422,5.087425741711437,5.087425741711439,5.087425741711437,3.07725065786693,3.0772506578669283,3.0772506578669305,True,True,True
55,5.5,0.3203103116145702,0.3203103116145701,0.3203103116145703,-10.176691135772176,-10.176691135772174,-10.176691135772177,-6.160010130175064,-6.160010130175061,-6.160010130175067,64.32568953205748,64.32568953205747,64.32568953205747,0.16015515580729542,0.16015515580729542,0.16015515580729545,5.08834556788627,5.088345567886269,5.088345567886272,3.080005065087971,3.08000506508797,3.0800050650879727,0.16015515580729542,0.16015515580729542,0.16015515580729545,5.08834556788627,5.088345567886269,5.088345567886272,3.080005065087971,3.08000506508797,3.0800050650879727,True,True,True
56,5.6,0.3204297106179753,0.32042971061797537,0.3204297106179752,-10.178201362716859,-10.178201362716864,-10.178201362716857,-6.165677850494373,-6.1656778504943714,-6.165677850494375,64.32457216754658,64.32457216754658,64.32457216754658,0.16021485530898227,0.16021485530898238,0.1602148553089823,5.089100681358382,5.089100681358385,5.089100681358381,3.0828389252468824,3.0828389252468815,3.0828389252468837,0.16021485530898227,0.16021485530898238,0.1602148553089823,5.089100681358382,5.089100681358385,5.089100681358381,3.0828389252468824,3.0828389252468815,3.0828389252468837,True,True,True
57,5.7,0.3205437445884009,0.32054374458840085,0.32054374458840096,-10.179381129651068,-10.17938112965107,-10.179381129651068,-6.1715005936765985,-6.17150059367659,-6.171500593676601,64.32344706778002,64.32344706778002,64.32344706778002,0.16027187229420403,0.1602718722942041,0.16027187229420406,5.089690564825607,5.089690564825609,5.089690564825607,3.0857502968384356,3.085750296838433,3.0857502968384365,0.16027187229420403,0.160271872294204,0.1602718722942041,5.089690564825607,5.089690564825608,5.089690564825608,3.0857502968384356,3.085750296838432,3.085750296838437,True,True,True
58,5.8,0.3206523440921466,0.3206523440921466,0.3206523440921465,-10.18022962859032,-10.180229628590322,-10.180229628590316,-6.17747437090667,-6.177474370906666,-6.17747437090667,64.32231500240616,64.32231500240616,64.32231500240614,0.16032617204607025,0.16032617204607025,0.16032617204607022,5.09011481429513,5.09011481429513,5.090114814295126,3.088737185453169,3.0887371854531676,3.08873718545317,0.16032617204607025,0.16032617204607025,0.16032617204607022,5.09011481429513,5.09011481429513,5.090114814295126,3.088737185453169,3.0887371854531676,3.08873718545317,True,True,True
59,5.9,0.3207554439314358,0.32075544393143585,0.32075544393143574,-10.18074627872252,-10.180746278722523,-10.180746278722518,-6.183595090295797,-6.183595090295795,-6.183595090295798,64.3211767456293,64.32117674562929,64.32117674562929,0.16037772196571515,0.16037772196571518,0.16037772196571518,5.090373139361208,5.090373139361209,5.0903731393612075,3.091797545147788,3.0917975451477866,3.0917975451477893,0.16037772196571515,0.16037772196571518,0.16037772196571518,5.090373139361208,5.090373139361209,5.0903731393612075,3.091797545147788,3.0917975451477866,3.0917975451477893,True,True,True
60,6.0,0.32085298316478783,0.3208529831647878,0.32085298316478783,-10.18093072680557,-10.180930726805569,-10.180930726805569,-6.189858559683624,-6.189858559683622,-6.189858559683629,64.32003307568266,64.32003307568266,64.32003307568264,0.16042649158240502,0.16042649158240502,0.16042649158240502,5.090465363402917,5.090465363402917,5.090465363402915,3.0949292798423906,3.0949292798423897,3.094929279842393,0.16042649158240502,0.16042649158240502,0.16042649158240502,5.090465363402917,5.090465363402917,5.090465363402915,3.0949292798423906,3.0949292798423897,3.094929279842393,True,True,True
61,6.1,0.3209449051231741,0.32094490512317414,0.32094490512317425,-10.180782847406553,-10.180782847406556,-10.180782847406556,-6.196260489501353,-6.196260489501349,-6.196260489501359,64.31888477430054,64.31888477430054,64.31888477430054,0.160472452561584,0.160472452561584,0.16047245256158407,5.090391423703244,5.090391423703245,5.090391423703244,3.0981302447505104,3.098130244750509,3.098130244750514,0.160472452561584,0.160472452561584,0.16047245256158407,5.090391423703244,5.090391423703245,5.090391423703244,3.0981302447505104,3.098130244750509,3.098130244750514,True,True,True
62,6.2,0.3210311574221915,0.3210311574221915,0.32103115742219146,-10.180302742984436,-10.180302742984436,-10.180302742984432,-6.202796495702861,-6.2027964957028585,-6.202796495702863,64.31773262618847,64.31773262618846,64.31773262618846,0.1605155787110965,0.16051557871109653,0.1605155787110965,5.090151371492253,5.090151371492253,5.09015137149225,3.1013982478514297,3.1013982478514275,3.1013982478514306,0.1605155787110965,0.16051557871109653,0.1605155787110965,5.090151371492253,5.090151371492253,5.09015137149225,3.1013982478514297,3.1013982478514275,3.1013982478514306,True,True,True
63,6.3,0.3211116919703567,0.3211116919703568,0.3211116919703568,-10.179490743817784,-10.17949074381779,-10.179490743817786,-6.209462102762298,-6.209462102762295,-6.209462102762303,64.31657741849084,64.31657741849084,64.31657741849082,0.160555845985182,0.16055584598518202,0.16055584598518208,5.08974537190895,5.089745371908952,5.089745371908951,3.104731051381314,3.104731051381313,3.1047310513813167,0.160555845985182,0.16055584598518202,0.16055584598518208,5.08974537190895,5.089745371908952,5.089745371908951,3.104731051381314,3.104731051381313,3.1047310513813167,True,True,True
64,6.4,0.3211864649733912,0.3211864649733913,0.3211864649733912,-10.178347407774647,-10.17834740777465,-10.178347407774643,-6.216252746728113,-6.216252746728112,-6.2162527467281175,64.31541994025879,64.31541994025879,64.31541994025879,0.160593232486693,0.16059323248669302,0.160593232486693,5.089173703887294,5.089173703887296,5.089173703887291,3.108126373363919,3.108126373363919,3.1081263733639206,0.160593232486693,0.16059323248669302,0.160593232486693,5.089173703887294,5.089173703887296,5.089173703887291,3.108126373363919,3.108126373363919,3.1081263733639206,True,True,True
65,6.5,0.32125543693474384,0.3212554369347439,0.3212554369347439,-10.1768735199264,-10.176873519926403,-10.1768735199264,-6.223163778340924,-6.223163778340921,-6.2231637783409255,64.31426098191645,64.31426098191645,64.31426098191645,0.16062771846737392,0.16062771846737398,0.16062771846737395,5.088436759963201,5.088436759963204,5.088436759963201,3.1115818891706,3.1115818891705995,3.1115818891706013,0.16062771846737392,0.16062771846737398,0.16062771846737395,5.088436759963201,5.088436759963204,5.088436759963201,3.1115818891706,3.1115818891705995,3.1115818891706013,True,True,True
66,6.6,0.3213185726523193,0.3213185726523193,0.3213185726523192,-10.175070092005548,-10.17507009200555,-10.175070092005546,-6.230190466206741,-6.230190466206738,-6.230190466206742,64.31310133472677,64.31310133472677,64.31310133472677,0.16065928632615722,0.16065928632615728,0.16065928632615722,5.087535046002738,5.087535046002738,5.087535046002736,3.1150952331032604,3.1150952331032604,3.115095233103261,0.16065928632615722,0.16065928632615725,0.16065928632615725,5.087535046002738,5.087535046002738,5.087535046002737,3.115095233103261,3.1150952331032595,3.1150952331032618,True,True,True
67,6.7,0.32137584121152696,0.321375841211527,0.321375841211527,-10.172938361708889,-10.172938361708892,-10.172938361708887,-6.237328000024665,-6.237328000024664,-6.237328000024667,64.31194179025796,64.31194179025796,64.31194179025796,0.1606879206057715,0.1606879206057715,0.1606879206057715,5.086469180854557,5.086469180854558,5.086469180854556,3.1186640000127177,3.118664000012717,3.1186640000127195,0.1606879206057715,0.1606879206057715,0.1606879206057715,5.086469180854557,5.086469180854558,5.086469180854556,3.1186640000127177,3.118664000012717,3.1186640000127195,True,True,True
68,6.8,0.3214272159747063,0.32142721597470625,0.3214272159747063,-10.170479791843032,-10.170479791843032,-10.17047979184303,-6.244571493870647,-6.244571493870642,-6.244571493870648,64.31078313984916,64.31078313984915,64.31078313984916,0.1607136079873596,0.16071360798735956,0.1607136079873596,5.085239895921646,5.085239895921646,5.085239895921645,3.122285746935569,3.1222857469355674,3.12228574693557,0.1607136079873596,0.16071360798735956,0.1607136079873596,5.085239895921646,5.085239895921646,5.085239895921645,3.122285746935569,3.1222857469355674,3.12228574693557,True,True,True
69,6.9,0.32147267456702194,0.32147267456702194,0.32147267456702194,-10.16769606931828,-10.16769606931828,-10.167696069318273,-6.25191598952772,-6.251915989527719,-6.251915989527723,64.30962617407775,64.30962617407774,64.30962617407774,0.16073633728351022,0.16073633728351022,0.16073633728351022,5.083848034659159,5.083848034659158,5.083848034659155,3.125957994763777,3.125957994763776,3.125957994763778,0.16073633728351022,0.16073633728351022,0.16073633728351022,5.083848034659159,5.083848034659158,5.083848034659155,3.125957994763777,3.125957994763776,3.125957994763778,True,True,True
70,7.0,0.3215121988589586,0.32151219885895854,0.32151219885895854,-10.164589103986467,-10.164589103986467,-10.164589103986462,-6.259356459871253,-6.259356459871249,-6.259356459871255,64.30847168222638,64.30847168222638,64.30847168222637,0.1607560994294768,0.1607560994294768,0.1607560994294768,5.0822945519932095,5.08229455199321,5.082294551993208,3.129678229935489,3.1296782299354877,3.129678229935491,0.1607560994294768,0.1607560994294768,0.16075609942947677,5.0822945519932095,5.0822945519932095,5.082294551993206,3.1296782299354904,3.129678229935488,3.1296782299354904,True,True,True
71,7.1,0.32154577494536135,0.3215457749453614,0.3215457749453613,-10.161161027326775,-10.161161027326779,-10.161161027326774,-6.266887812292424,-6.266887812292424,-6.266887812292428,64.30732045175286,64.30732045175286,64.30732045175286,0.16077288747268756,0.16077288747268756,0.16077288747268756,5.080580513663518,5.08058051366352,5.080580513663517,3.133443906146486,3.1334439061464843,3.1334439061464874,0.16077288747268692,0.16077288747268692,0.16077288747268692,5.080580513663491,5.080580513663492,5.080580513663489,3.133443906146487,3.133443906146486,3.133443906146488,True,True,True
72,7.2,0.32157339312131844,0.32157339312131844,0.32157339312131833,-10.157414190979214,-10.157414190979214,-10.15741419097921,-6.2745048921733,-6.2745048921732955,-6.274504892173302,64.30617326775996,64.30617326775996,64.30617326775996,0.16078669656065706,0.16078669656065706,0.16078669656065703,5.078707095489598,5.078707095489599,5.078707095489596,3.137252446086512,3.1372524460865105,3.1372524460865128,0.16078669656065706,0.16078669656065706,0.16078669656065703,5.078707095489598,5.078707095489599,5.078707095489596,3.137252446086512,3.1372524460865105,3.1372524460865128,True,True,True
73,7.3,0.3215950478547774,0.3215950478547773,0.3215950478547773,-10.153351165126262,-10.153351165126262,-10.15335116512626,-6.28220248639842,-6.282202486398415,-6.282202486398421,64.30503091246868,64.30503091246868,64.30503091246867,0.16079752392738886,0.16079752392738886,0.16079752392738886,5.076675582563105,5.076675582563105,5.076675582563103,3.1411012431992655,3.1411012431992638,3.1411012431992664,0.16079752392738886,0.16079752392738886,0.16079752392738886,5.076675582563105,5.076675582563105,5.076675582563103,3.1411012431992655,3.1411012431992638,3.1411012431992664,True,True,True
74,7.4,0.3216107377561825,0.32161073775618254,0.3216107377561825,-10.148974736726085,-10.148974736726089,-10.148974736726084,-6.289975326909549,-6.289975326909545,-6.289975326909551,64.30389416469241,64.3038941646924,64.3038941646924,0.16080536887809646,0.16080536887809643,0.16080536887809643,5.074487368363099,5.0744873683631,5.074487368363097,3.144987663455051,3.144987663455048,3.1449876634550513,0.16080536887809646,0.16080536887809643,0.16080536887809643,5.074487368363099,5.0744873683631,5.074487368363097,3.144987663455051,3.144987663455048,3.1449876634550513,True,True,True
75,7.5,0.3216204655450527,0.3216204655450527,0.3216204655450527,-10.144287907595574,-10.144287907595576,-10.144287907595574,-6.297818094294011,-6.2978180942940085,-6.297818094294016,64.30276379931489,64.30276379931489,64.30276379931489,0.16081023277252965,0.16081023277252968,0.1608102327725297,5.072143953797865,5.072143953797866,5.072143953797866,3.148909047147115,3.148909047147112,3.148909047147117,0.16081023277252965,0.16081023277252968,0.1608102327725297,5.072143953797865,5.072143953797866,5.072143953797866,3.148909047147115,3.148909047147114,3.1489090471471166,True,True,True
76,7.6,0.32162423801372053,0.3216242380137206,0.32162423801372053,-10.139293892345977,-10.139293892345977,-10.139293892345972,-6.305725421409674,-6.305725421409673,-6.305725421409677,64.30164058677053,64.30164058677053,64.30164058677052,0.1608121190068603,0.1608121190068603,0.16081211900686024,5.069646946173041,5.069646946173042,5.069646946173038,3.152862710704753,3.1528627107047513,3.1528627107047535,0.1608121190068603,0.1608121190068603,0.16081211900686024,5.069646946173041,5.069646946173042,5.069646946173038,3.152862710704753,3.1528627107047513,3.1528627107047535,True,True,True
77,7.7,0.32162206598835685,0.3216220659883568,0.32162206598835685,-10.133996116173927,-10.133996116173929,-10.133996116173922,-6.313691897043357,-6.313691897043355,-6.313691897043359,64.30052529252761,64.30052529252761,64.30052529252761,0.16081103299418276,0.16081103299418273,0.16081103299418276,5.066998058087051,5.066998058087051,5.066998058087048,3.156845948521843,3.1568459485218416,3.1568459485218443,0.16081103299418276,0.16081103299418273,0.16081103299418276,5.066998058087051,5.066998058087051,5.066998058087048,3.156845948521843,3.1568459485218416,3.1568459485218443,True,True,True
78,7.8,0.32161396428721445,0.3216139642872144,0.3216139642872144,-10.128398212505799,-10.128398212505799,-10.128398212505795,-6.321712069594568,-6.321712069594563,-6.321712069594569,64.29941867657624,64.29941867657625,64.29941867657625,0.16080698214360123,0.1608069821436012,0.16080698214360123,5.064199106252878,5.064199106252878,5.064199106252875,3.160856034796897,3.1608560347968937,3.1608560347968986,0.16080698214360123,0.1608069821436012,0.16080698214360123,5.064199106252878,5.064199106252878,5.064199106252875,3.160856034796897,3.1608560347968937,3.1608560347968986,True,True,True
79,7.9,0.3215999516764379,0.3215999516764379,0.32159995167643796,-10.122504020501461,-10.122504020501463,-10.12250402050146,-6.329780450790633,-6.329780450790633,-6.329780450790637,64.29832149291907,64.29832149291906,64.29832149291907,0.16079997583821778,0.1607999758382178,0.16079997583821776,5.061252010250748,5.06125201025075,5.0612520102507474,3.1648902253952054,3.164890225395206,3.164890225395207,0.16079997583821778,0.1607999758382178,0.16079997583821776,5.061252010250748,5.06125201025075,5.0612520102507474,3.1648902253952054,3.164890225395206,3.164890225395207,True,True,True
80,8.0,0.3215800508233752,0.3215800508233752,0.3215800508233752,-10.116317582415274,-10.116317582415274,-10.116317582415274,-6.3378915194256535,-6.337891519425653,-6.337891519425657,64.29723448906654,64.29723448906653,64.29723448906654,0.1607900254116852,0.16079002541168522,0.16079002541168522,5.0581587912076,5.0581587912076005,5.0581587912076005,3.168945759712717,3.1689457597127166,3.168945759712719,0.1607900254116852,0.16079002541168522,0.16079002541168522,5.0581587912076,5.0581587912076005,5.0581587912076005,3.168945759712717,3.1689457597127166,3.168945759712719,True,True,True
81,8.1,0.3215542882475587,0.3215542882475588,0.3215542882475587,-10.109843140818688,-10.109843140818693,-10.109843140818684,-6.346039725120366,-6.346039725120364,-6.346039725120368,64.29615840553703,64.29615840553703,64.29615840553703,0.1607771441237773,0.16077714412377733,0.16077714412377736,5.054921570409308,5.054921570409309,5.054921570409306,3.1730198625601,3.173019862560098,3.1730198625601007,0.1607771441237773,0.16077714412377733,0.16077714412377736,5.054921570409308,5.054921570409309,5.054921570409306,3.1730198625601,3.173019862560098,3.1730198625601007,True,True,True
82,8.2,0.32152269426947555,0.3215226942694755,0.3215226942694755,-10.103085135684926,-10.103085135684926,-10.103085135684925,-6.354219492103199,-6.354219492103194,-6.354219492103201,64.29509397536152,64.29509397536152,64.29509397536152,0.16076134713473625,0.1607613471347362,0.16076134713473625,5.051542567842502,5.051542567842502,5.051542567842501,3.1771097460514315,3.177109746051429,3.1771097460514333,0.16076134713473625,0.1607613471347362,0.16076134713473625,5.051542567842502,5.051542567842502,5.051542567842501,3.1771097460514315,3.177109746051429,3.1771097460514333,True,True,True
83,8.3,0.3214853029572259,0.3214853029572261,0.3214853029572259,-10.096048201338956,-10.09604820133896,-10.09604820133895,-6.3624252230072855,-6.362425223007285,-6.362425223007287,64.29404192359353,64.29404192359351,64.29404192359353,0.1607426514786201,0.16074265147862016,0.1607426514786201,5.0480241006696005,5.048024100669603,5.0480241006696,3.1812126115039447,3.181212611503944,3.181212611503946,0.1607426514786201,0.16074265147862016,0.1607426514786201,5.0480241006696005,5.048024100669603,5.0480241006696,3.1812126115039447,3.181212611503944,3.181212611503946,True,True,True
84,8.4,0.3214421520712057,0.32144215207120563,0.3214421520712057,-10.08873716327387,-10.08873716327387,-10.088737163273867,-6.370651302683801,-6.370651302683801,-6.370651302683806,64.29300296682419,64.29300296682419,64.29300296682419,0.16072107603560704,0.160721076035607,0.16072107603560706,5.044368581637016,5.044368581637015,5.044368581637014,3.1853256513420654,3.185325651342064,3.1853256513420667,0.16072107603560704,0.160721076035607,0.16072107603560706,5.044368581637016,5.044368581637015,5.044368581637014,3.1853256513420654,3.185325651342064,3.1853256513420667,True,True,True
85,8.5,0.3213932830068891,0.32139328300688913,0.3213932830068891,-10.081157034835673,-10.081157034835678,-10.081157034835671,-6.378892102026963,-6.3788921020269616,-6.378892102026964,64.29197781270348,64.29197781270346,64.29197781270346,0.16069664150344168,0.16069664150344173,0.16069664150344165,5.040578517417799,5.040578517417801,5.040578517417797,3.1894460510133444,3.1894460510133427,3.1894460510133444,0.16069664150344168,0.16069664150344173,0.16069664150344165,5.040578517417799,5.040578517417801,5.040578517417797,3.1894460510133444,3.1894460510133427,3.1894460510133444,True,True,True
86,8.6,0.32133874073582036,0.3213387407358205,0.3213387407358205,-10.073313013780437,-10.07331301378044,-10.073313013780439,-6.38714198180527,-6.387141981805265,-6.387141981805272,64.29096715946764,64.29096715946766,64.29096715946764,0.1606693703679089,0.16066937036790893,0.16066937036790896,5.036656506890196,5.036656506890198,5.036656506890197,3.19357099090258,3.193570990902578,3.1935709909025816,0.16066937036790827,0.16066937036790832,0.16066937036790835,5.036656506890168,5.0366565068901705,5.036656506890168,3.19357099090258,3.193570990902578,3.193570990902582,True,True,True
87,8.7,0.32127857374505336,0.32127857374505336,0.32127857374505336,-10.065210478704396,-10.065210478704397,-10.065210478704394,-6.395395296507182,-6.39539529650718,-6.395395296507183,64.28997169547203,64.28997169547203,64.28997169547202,0.16063928687252677,0.16063928687252677,0.16063928687252674,5.032605239352166,5.032605239352166,5.032605239352164,3.1976976482536474,3.197697648253647,3.1976976482536483,0.16063928687252677,0.16063928687252677,0.16063928687252674,5.032605239352166,5.032605239352166,5.032605239352164,3.1976976482536474,3.197697648253647,3.1976976482536483,True,True,True
88,8.8,0.3212128339749313,0.32121283397493133,0.32121283397493133,-10.056854985350318,-10.05685498535032,-10.056854985350316,-6.403646398183079,-6.403646398183077,-6.403646398183082,64.28899209873157,64.28899209873157,64.28899209873157,0.16060641698746556,0.16060641698746558,0.1606064169874656,5.028427492675172,5.028427492675174,5.028427492675172,3.2018231990915114,3.2018231990915096,3.2018231990915127,0.16060641698746556,0.16060641698746558,0.1606064169874656,5.028427492675172,5.028427492675174,5.028427492675172,3.2018231990915114,3.2018231990915096,3.2018231990915127,True,True,True
89,8.9,0.3211415767555262,0.32114157675552624,0.32114157675552624,-10.048252262792726,-10.048252262792728,-10.04825226279272,-6.411889640294177,-6.411889640294178,-6.411889640294181,64.28802903646779,64.28802903646779,64.28802903646778,0.1605707883777652,0.16057078837776523,0.16057078837776523,5.024126131396386,5.024126131396387,5.024126131396384,3.2059448201471983,3.205944820147198,3.2059448201472,0.1605707883777652,0.16057078837776523,0.16057078837776523,5.024126131396386,5.024126131396387,5.024126131396384,3.2059448201471983,3.205944820147198,3.2059448201472,True,True,True
90,9.0,0.3210648607417496,0.32106486074174956,0.3210648607417497,-10.039408209503728,-10.03940820950373,-10.03940820950373,-6.420119381560605,-6.420119381560598,-6.420119381560608,64.28708316466249,64.28708316466249,64.28708316466248,0.16053243037087572,0.1605324303708757,0.16053243037087578,5.019704104751905,5.019704104751906,5.019704104751905,3.210059690780301,3.210059690780297,3.210059690780303,0.16053243037087572,0.1605324303708757,0.16053243037087578,5.019704104751905,5.019704104751906,5.019704104751905,3.210059690780301,3.210059690780297,3.210059690780303,True,True,True
91,9.1,0.3209827478472343,0.3209827478472343,0.3209827478472344,-10.030328889304027,-10.030328889304029,-10.030328889304023,-6.428329989802538,-6.428329989802537,-6.428329989802544,64.28615512761992,64.28615512761992,64.2861551276199,0.16049137392361376,0.16049137392361376,0.1604913739236138,5.015164444651968,5.015164444651969,5.015164444651967,3.214164994901104,3.214164994901103,3.2141649949011066,0.16049137392361376,0.16049137392361376,0.1604913739236138,5.015164444651968,5.015164444651969,5.015164444651967,3.214164994901104,3.214164994901103,3.2141649949011066,True,True,True
92,9.2,0.3208953031771633,0.32089530317716336,0.32089530317716336,-10.021020527199155,-10.021020527199159,-10.021020527199157,-6.43651584578022,-6.436515845780219,-6.436515845780223,64.28524555753577,64.28524555753577,64.28524555753576,0.16044765158858107,0.1604476515885811,0.16044765158858112,5.010510263599588,5.01051026359959,5.010510263599588,3.218257922890054,3.2182579228900527,3.2182579228900554,0.16044765158858107,0.1604476515885811,0.16044765158858112,5.010510263599588,5.01051026359959,5.010510263599588,3.218257922890054,3.2182579228900527,3.2182579228900554,True,True,True
93,9.3,0.32080259496011193,0.3208025949601119,0.3208025949601118,-10.011489505107601,-10.011489505107603,-10.011489505107596,-6.444671347021668,-6.444671347021663,-6.4446713470216705,64.28435507407458,64.28435507407458,64.28435507407458,0.16040129748005272,0.16040129748005272,0.1604012974800527,5.005744752553728,5.005744752553729,5.005744752553727,3.2223356735107247,3.2223356735107225,3.222335673510726,0.16040129748005272,0.16040129748005272,0.1604012974800527,5.005744752553728,5.005744752553729,5.005744752553727,3.2223356735107247,3.2223356735107225,3.222335673510726,True,True,True
94,9.4,0.3207046944789971,0.3207046944789971,0.3207046944789971,-10.001742357478522,-10.001742357478522,-10.001742357478522,-6.452790911642646,-6.4527909116426425,-6.452790911642648,64.28348428395525,64.28348428395523,64.28348428395523,0.16035234723949554,0.16035234723949557,0.16035234723949557,5.000871178739236,5.000871178739238,5.000871178739234,3.2263954558211574,3.2263954558211565,3.2263954558211587,0.16035234723949784,0.16035234723949784,0.16035234723949787,5.000871178739266,5.000871178739266,5.000871178739265,3.226395455821267,3.2263954558212666,3.2263954558212684,True,True,True
95,9.5,0.3206016760013017,0.3206016760013017,0.3206016760013016,-9.991785766809064,-9.991785766809064,-9.99178576680906,-6.4608689821498455,-6.460868982149843,-6.460868982149848,64.2826337805451,64.28263378054511,64.28263378054511,0.1603008380006516,0.16030083800065154,0.1603008380006516,4.995892883404566,4.995892883404566,4.995892883404565,3.2304344910749214,3.2304344910749196,3.2304344910749236,0.1603008380006516,0.16030083800065154,0.1603008380006516,4.995892883404566,4.995892883404566,4.995892883404565,3.2304344910749214,3.2304344910749196,3.2304344910749236,True,True,True
96,9.6,0.32049361670859194,0.32049361670859194,0.32049361670859194,-9.981626559056009,-9.981626559056009,-9.981626559056005,-6.468900029231649,-6.468900029231648,-6.468900029231652,64.2818041434628,64.2818041434628,64.2818041434628,0.16024680835430286,0.16024680835430288,0.16024680835430286,4.990813279528095,4.990813279528096,4.990813279528094,3.2344500146161543,3.234450014616154,3.234450014616157,0.16024680835430286,0.16024680835430288,0.16024680835430286,4.990813279528095,4.990813279528096,4.990813279528094,3.2344500146161543,3.234450014616154,3.234450014616157,True,True,True
97,9.7,0.3203805966255245,0.3203805966255246,0.32038059662552465,-9.971271698953021,-9.971271698953027,-9.971271698953025,-6.476878555527991,-6.476878555527988,-6.476878555527995,64.28099593818975,64.28099593818975,64.28099593818975,0.16019029831276055,0.1601902983127606,0.16019029831276063,4.985635849476509,4.985635849476511,4.985635849476511,3.238439277763885,3.238439277763882,3.2384392777638866,0.16019029831276055,0.1601902983127606,0.16019029831276063,4.985635849476509,4.985635849476511,4.985635849476511,3.238439277763885,3.238439277763882,3.2384392777638866,True,True,True
98,9.8,0.3202626985482989,0.32026269854829903,0.320262698548299,-9.96072828523067,-9.960728285230674,-9.960728285230669,-6.484799099376692,-6.484799099376691,-6.484799099376696,64.28020971569202,64.28020971569202,64.28020971569202,0.1601313492741556,0.16013134927415565,0.16013134927415562,4.980364142615391,4.980364142615394,4.9803641426153895,3.2423995496886766,3.242399549688676,3.242399549688678,0.16013134927415557,0.16013134927415565,0.16013134927415565,4.980364142615391,4.980364142615394,4.98036414261539,3.2423995496886757,3.242399549688676,3.2423995496886784,True,True,True
99,9.9,0.32014000797288966,0.32014000797288966,0.3201400079728896,-9.950003545746442,-9.95000354574644,-9.950003545746437,-6.4926562385429705,-6.49265623854297,-6.4926562385429705,64.27944601204993,64.27944601204995,64.27944601204995,0.16007000398644552,0.16007000398644547,0.1600700039864455,4.975001772873215,4.975001772873214,4.975001772873212,3.24632811927154,3.246328119271539,3.2463281192715416,0.16007000398644555,0.1600700039864455,0.1600700039864455,4.975001772873215,4.975001772873215,4.975001772873212,3.2463281192715407,3.2463281192715394,3.246328119271541,True,True,True
100,10.0,0.3200126130228585,0.3200126130228587,0.3200126130228586,-9.939104832524933,-9.93910483252494,-9.939104832524933,-6.500444593915815,-6.500444593915815,-6.500444593915816,64.27870534809894,64.27870534809894,64.27870534809894,0.16000630651143521,0.16000630651143527,0.16000630651143524,4.9695524162625695,4.969552416262571,4.9695524162625695,3.250222296958155,3.250222296958154,3.250222296958155,0.16000630651143521,0.16000630651143527,0.16000630651143524,4.9695524162625695,4.969552416262571,4.9695524162625695,3.250222296958155,3.250222296958154,3.250222296958155,True,True,True
