1,1,1,FALSE,FALSE,1,FALSE,FALSE,FALSE,955,928,932,6224,6225,6225,14826949,9122507,50.0,0.85
1,1,1,FALSE,FALSE,1,FALSE,FALSE,FALSE,954,937,936,6224,6225,6225,15020339,9074488,50.0,0.86
1,1,1,FALSE,FALSE,1,FALSE,FALSE,FALSE,975,939,953,6225,6226,6224,15145428,9061558,50.0,0.86
1,1,1,FALSE,FALSE,1,FALSE,FALSE,FALSE,954,976,947,6224,6223,6225,15379489,9026029,50.0,0.86
1,1,1,FALSE,FALSE,1,FALSE,FALSE,FALSE,973,960,956,6223,6224,6224,15484191,9097349,50.0,0.86
1,1,1,FALSE,FALSE,1,FALSE,FALSE,FALSE,969,960,981,6222,6224,6223,15527482,9171111,50.0,0.86
1,1,1,FALSE,FALSE,1,FALSE,FALSE,FALSE,965,980,975,6223,6222,6221,15544192,9211582,50.0,0.86
1,1,1,FALSE,FALSE,1,FALSE,FALSE,FALSE,969,977,976,6221,6220,6221,15579329,9282519,50.0,0.86
1,1,1,FALSE,FALSE,1,FALSE,FALSE,FALSE,970,972,975,6220,6220,6220,15491269,9405692,50.0,0.85
1,1,1,FALSE,FALSE,1,FALSE,FALSE,FALSE,969,992,963,6219,6218,6220,15424099,9492130,50.0,0.85
1,1,1,FALSE,FALSE,1,FALSE,FALSE,FALSE,960,969,993,6219,6217,6217,15235945,9583073,50.0,0.85
1,1,1,FALSE,FALSE,1,FALSE,FALSE,FALSE,979,952,963,6215,6218,6217,15080882,9765989,50.0,0.84
1,1,1,FALSE,FALSE,1,FALSE,FALSE,FALSE,966,949,951,6215,6217,6217,14905246,9819499,50.0,0.84
1,1,1,FALSE,FALSE,1,FALSE,FALSE,FALSE,951,939,954,6215,6217,6215,14658103,9856703,50.0,0.83
1,1,1,FALSE,FALSE,1,FALSE,FALSE,FALSE,931,945,951,6218,6216,6214,14459035,9792115,50.0,0.83
1,1,1,FALSE,FALSE,1,FALSE,FALSE,FALSE,941,938,929,6216,6216,6217,14369320,9855049,50.0,0.82
1,1,1,FALSE,FALSE,1,FALSE,FALSE,FALSE,946,918,926,6215,6218,6217,14218422,9866175,50.0,0.82
1,1,1,FALSE,FALSE,1,FALSE,FALSE,FALSE,926,917,931,6217,6218,6218,14139031,9791523,50.0,0.82
1,1,1,FALSE,FALSE,1,FALSE,FALSE,FALSE,920,938,906,6218,6218,6220,14148036,9689829,50.0,0.83
1,1,1,FALSE,FALSE,1,FALSE,FALSE,FALSE,918,904,918,6219,6221,6219,14061620,9642200,50.0,0.82
1,1,1,FALSE,FALSE,1,FALSE,FALSE,FALSE,907,916,931,6221,6221,6219,14093658,9489648,50.0,0.83
1,1,1,FALSE,FALSE,1,FALSE,FALSE,FALSE,921,924,913,6221,6222,6222,14246475,9403314,50.0,0.83
1,1,1,FALSE,FALSE,1,FALSE,FALSE,FALSE,934,913,920,6223,6223,6222,14362346,9310907,50.0,0.84
1,1,1,FALSE,FALSE,1,FALSE,FALSE,FALSE,922,919,933,6224,6224,6223,14503144,9225049,50.0,0.84
1,1,1,FALSE,FALSE,1,FALSE,FALSE,FALSE,932,948,925,6224,6224,6225,14740021,9153380,50.0,0.85
1,1,1,FALSE,FALSE,1,FALSE,FALSE,FALSE,945,941,927,6224,6224,6226,14964065,9060966,50.0,0.86
1,1,1,FALSE,FALSE,1,FALSE,FALSE,FALSE,957,946,937,6224,6224,6225,15135825,9041835,50.0,0.86
1,1,1,FALSE,FALSE,1,FALSE,FALSE,FALSE,950,954,956,6225,6225,6224,15239340,9027295,50.0,0.86
1,1,1,FALSE,FALSE,1,FALSE,FALSE,FALSE,961,956,963,6224,6224,6224,15418778,9081022,50.0,0.86
1,1,1,FALSE,FALSE,1,FALSE,FALSE,FALSE,972,976,963,6224,6223,6223,15511469,9098489,50.0,0.86
1,1,1,FALSE,FALSE,1,FALSE,FALSE,FALSE,980,967,965,6221,6224,6223,15571015,9250693,50.0,0.86
1,1,1,FALSE,FALSE,1,FALSE,FALSE,FALSE,982,972,983,6221,6221,6222,15601915,9272962,50.0,0.86
1,1,1,FALSE,FALSE,1,FALSE,FALSE,FALSE,976,973,974,6220,6221,6220,15510830,9397743,50.0,0.86
1,1,1,FALSE,FALSE,1,FALSE,FALSE,FALSE,980,963,978,6219,6220,6218,15398630,9486198,50.0,0.85
1,1,1,FALSE,FALSE,1,FALSE,FALSE,FALSE,967,982,973,6220,6218,6217,15293928,9517266,50.0,0.85
1,1,1,FALSE,FALSE,1,FALSE,FALSE,FALSE,967,963,969,6217,6218,6218,15161072,9682114,50.0,0.84
1,1,1,FALSE,FALSE,1,FALSE,FALSE,FALSE,957,960,959,6217,6217,6216,14970036,9736632,50.0,0.84
1,1,1,FALSE,FALSE,1,FALSE,FALSE,FALSE,943,958,959,6217,6216,6215,14742578,9770592,50.0,0.83
1,1,1,FALSE,FALSE,1,FALSE,FALSE,FALSE,954,954,939,6214,6217,6217,14615040,9888552,50.0,0.83
1,1,1,FALSE,FALSE,1,FALSE,FALSE,FALSE,953,934,934,6215,6216,6216,14438038,9870853,50.0,0.83
1,1,1,FALSE,FALSE,1,FALSE,FALSE,FALSE,935,938,931,6216,6218,6216,14273570,9870424,50.0,0.82
1,1,1,FALSE,FALSE,1,FALSE,FALSE,FALSE,920,938,922,6218,6216,6217,14183100,9768907,50.0,0.82
1,1,1,FALSE,FALSE,1,FALSE,FALSE,FALSE,934,914,917,6217,6219,6218,14104708,9755071,50.0,0.82
1,1,1,FALSE,FALSE,1,FALSE,FALSE,FALSE,934,903,917,6218,6221,6219,14061969,9704745,50.0,0.82
1,1,1,FALSE,FALSE,1,FALSE,FALSE,FALSE,912,917,932,6220,6219,6221,14133765,9535359,50.0,0.83
1,1,1,FALSE,FALSE,1,FALSE,FALSE,FALSE,909,911,927,6222,6221,6220,14157391,9437927,50.0,0.83
1,1,1,FALSE,FALSE,1,FALSE,FALSE,FALSE,924,911,910,6221,6223,6223,14329851,9390414,50.0,0.84
1,1,1,FALSE,FALSE,1,FALSE,FALSE,FALSE,907,920,937,6225,6223,6222,14407672,9198964,50.0,0.84
1,1,1,FALSE,FALSE,1,FALSE,FALSE,FALSE,929,927,924,6223,6224,6224,14660084,9184104,50.0,0.85
1,1,1,FALSE,FALSE,1,FALSE,FALSE,FALSE,929,933,933,6225,6224,6224,14817769,9091883,50.0,0.85
1,1,1,FALSE,FALSE,1,FALSE,FALSE,FALSE,945,948,936,6224,6225,6225,15023844,9092096,50.0,0.86
1,1,1,FALSE,FALSE,1,FALSE,FALSE,FALSE,950,938,953,6224,6226,6224,15158075,9078541,50.0,0.86
1,1,1,FALSE,FALSE,1,FALSE,FALSE,FALSE,960,962,949,6224,6224,6225,15368175,9056015,50.0,0.86
1,1,1,FALSE,FALSE,1,FALSE,FALSE,FALSE,956,966,972,6224,6223,6223,15448543,9065699,50.0,0.86
1,1,1,FALSE,FALSE,1,FALSE,FALSE,FALSE,968,970,966,6224,6222,6223,15542786,9115239,50.0,0.86
1,1,1,FALSE,FALSE,1,FALSE,FALSE,FALSE,970,975,974,6222,6222,6221,15551284,9214717,50.0,0.86
1,1,1,FALSE,FALSE,1,FALSE,FALSE,FALSE,977,983,962,6220,6221,6222,15606097,9328494,50.0,0.86
1,1,1,FALSE,FALSE,1,FALSE,FALSE,FALSE,989,973,969,6219,6220,6220,15521944,9422543,50.0,0.85
1,1,1,FALSE,FALSE,1,FALSE,FALSE,FALSE,970,973,968,6219,6219,6219,15390041,9518187,50.0,0.85
1,1,1,FALSE,FALSE,1,FALSE,FALSE,FALSE,976,962,961,6216,6219,6218,15255382,9669077,50.0,0.84
1,1,1,FALSE,FALSE,1,FALSE,FALSE,FALSE,967,955,968,6216,6218,6217,15051652,9730401,50.0,0.84
1,1,1,FALSE,FALSE,1,FALSE,FALSE,FALSE,960,959,952,6215,6217,6217,14893042,9802850,50.0,0.84
